{
    "steps": [
        {
            "banner": {
                "text": "We can use the power of sound to drive color too 🎤 🎨",
                "next_button": true
            },
            "beacon": {
                "target": "banner-button",
                "offset": 0
            }
        },
        {
            "banner": {
                "text": "First let's get rid of our random color block"
            },
            "tooltips": [
                {
                    "text": "Drag this to the trashcan",
                    "position": "right",
                    "location": {
                        "block": {
                            "rawId": "b^uv{.;M;SS.]3$%?Itj"
                        }
                    }
                }
            ],
            "arrow": {
                "target": "blockly-bin",
                "angle": 210,
                "size": 80
            },
            "validation": {
                "blockly": {
                    "delete": {
                        "target": {
                            "rawId": "b^uv{.;M;SS.]3$%?Itj"
                        }
                    }
                }
            }
        },
        {
            "banner": {
                "text": "We have a block that can mix up a color from numbers, open the Color tray"
            },
            "beacon": {
                "target": {
                    "category": "color"
                }
            },
            "validation": {
                "blockly": {
                    "open-flyout": "color"
                }
            }
        },
        {
            "banner": {
                "text": "This block creates color from <span style='color:#F64A36;font-weight: bold;'>red</span>, <span style='color:#92CF43;font-weight: bold;'>green</span> and <span style='color:#10AAF7;font-weight: bold;'>blue</span> values. Drag it onto your code space"
            },
            "beacon": {
                "target": {
                    "flyout_block": "create_color"
                }
            },
            "validation": {
                "blockly": {
                    "create": {
                        "type": "create_color",
                        "id": "block_5"
                    }
                }
            }
        },
        {
            "banner": {
                "text": "Connect it to this block"
            },
            "beacon": {
                "target": {
                    "block": {
                        "rawId": "$@x7RzJ:viPRJ8Fn1UGn"
                    }
                }
            },
            "validation": {
                "blockly": {
                    "connect": {
                        "parent": {
                            "rawId": "$@x7RzJ:viPRJ8Fn1UGn",
                            "inputName": "COLOR"
                        },
                        "target": "block_5"
                    }
                }
            },
            "phantom_block": {
                "location": {
                    "block": {
                        "rawId": "$@x7RzJ:viPRJ8Fn1UGn"
                    }
                },
                "target": "COLOR"
            }
        },
        {
            "banner": {
                "text": "Let's mix a color, open the Variables tray"
            },
            "beacon": {
                "target": {
                    "category": "variables"
                }
            },
            "validation": {
                "blockly": {
                    "open-flyout": "variables"
                }
            }
        },
        {
            "banner": {
                "text": "Drag the number block onto your code space"
            },
            "beacon": {
                "target": {
                    "flyout_block": "math_number"
                }
            },
            "validation": {
                "blockly": {
                    "create": {
                        "type": "math_number",
                        "id": "block_7"
                    }
                }
            }
        },
        {
            "banner": {
                "text": "Connect it to blue"
            },
            "beacon": {
                "target": {
                    "block": {
                        "id": "block_5",
                        "rawId": "Z.mWNbPM_#^.YoXPMJa+"
                    }
                }
            },
            "validation": {
                "blockly": {
                    "connect": {
                        "parent": {
                            "id": "block_5",
                            "rawId": "Z.mWNbPM_#^.YoXPMJa+",
                            "inputName": "3"
                        },
                        "target": "block_7"
                    }
                }
            },
            "phantom_block": {
                "location": {
                    "block": {
                        "id": "block_5",
                        "rawId": "Z.mWNbPM_#^.YoXPMJa+"
                    }
                },
                "target": "3"
            }
        },
        {
            "banner": {
                "text": "We want a <span style='color:#10AAF7;font-weight: bold;'>bright blue</span> so change <kano-value-preview><span>0</span></kano-value-preview> to <kano-value-preview><span>100</span></kano-value-preview>"
            },
            "beacon": {
                "target": {
                    "block": {
                        "id": "block_7"
                    }
                }
            },
            "validation": {
                "blockly": {
                    "value": {
                        "target": {
                            "id": "block_7"
                        },
                        "value": "100"
                    }
                }
            }
        },
        {
            "banner": {
                "text": "Now we have a nice blue let's mix in some sound with the Microphone, click Add Part"
            },
            "beacon": {
                "target": "add-part-button"
            },
            "validation": {
                "open-parts": true
            }
        },
        {
            "tooltips": [
                {
                    "location": "parts-panel",
                    "position": "top",
                    "text": "Click on <b>Mic</b> to add it to your app"
                }
            ],
            "beacon": {
                "target": "parts-panel-microphone"
            },
            "validation": {
                "add-part": {
                    "type": "microphone",
                    "id": "part_0"
                }
            }
        },
        {
            "banner": {
              "text": "The Microphone has a block that can grab the current volume data, open the Mic tray"
            },
            "beacon": {
                "target": {
                    "category": {
                        "part": "part_0"
                    }
                }
            },
            "validation": {
                "blockly": {
                    "open-flyout": {
                        "part": "part_0"
                    }
                }
            }
        },
        {
            "banner": {
              "text": "The Microphone has a block that can grab the current volume data, open the Mic tray"
            },
            "beacon": {
                "target": {
                    "flyout_block": {
                        "part": "part_0",
                        "type": "get_volume"
                    }
                }
            },
            "validation": {
                "blockly": {
                    "create": {
                        "target": "part_0",
                        "type": "get_volume",
                        "id": "block_6"
                    }
                }
            }
        },
        {
            "banner": {
                "text": "Connect it to red"
            },
            "beacon": {
                "target": {
                    "block": {
                        "id": "block_5",
                        "rawId": "Z.mWNbPM_#^.YoXPMJa+"
                    }
                }
            },
            "validation": {
                "blockly": {
                    "connect": {
                        "parent": {
                            "id": "block_5",
                            "rawId": "Z.mWNbPM_#^.YoXPMJa+",
                            "inputName": "1"
                        },
                        "target": "block_6"
                    }
                }
            },
            "phantom_block": {
                "location": {
                    "block": {
                        "id": "block_5",
                        "rawId": "Z.mWNbPM_#^.YoXPMJa+"
                    }
                },
                "target": "1"
            }
        },
        {
            "banner": {
                "text": "Awesome, now make some noise and watch the pixels!",
                "next_button": true
            },
            "beacon": {
                "target": "banner-button",
                "offset": 0
            }
        },
        {
            "banner": {
                "text": "Let's make it even more sound reactive, delete the variable we were using for blue"
            },
            "tooltips": [
                {
                    "text": "Drag this to the trashcan",
                    "position": "right",
                    "location": {
                        "block": {
                            "id": "block_7"
                        }
                    }
                }
            ],
            "arrow": {
                "target": "blockly-bin",
                "angle": 210,
                "size": 80
            },
            "validation": {
                "blockly": {
                    "delete": {
                        "target": {
                          "id": "block_7"
                        }
                    }
                }
            }
        },
        {
            "banner": {
                "text": "Grab another volume block, open the Mic tray"
            },
            "beacon": {
                "target": {
                    "category": {
                        "part": "part_0"
                    }
                }
            },
            "validation": {
                "blockly": {
                    "open-flyout": {
                        "part": "part_0"
                    }
                }
            }
        },
        {
            "banner": {
                "text": "Drag the block onto your code space"
            },
            "beacon": {
                "target": {
                    "flyout_block": {
                        "part": "part_0",
                        "type": "get_volume"
                    }
                }
            },
            "validation": {
                "blockly": {
                    "create": {
                        "target": "part_0",
                        "type": "get_volume",
                        "id": "block_8"
                    }
                }
            }
        },
        {
            "banner": {
                "text": "Connect it to this block"
            },
            "beacon": {
                "target": {
                    "block": {
                        "id": "block_5",
                        "rawId": "Z.mWNbPM_#^.YoXPMJa+"
                    }
                }
            },
            "validation": {
                "blockly": {
                    "connect": {
                        "parent": {
                            "id": "block_5",
                            "rawId": "Z.mWNbPM_#^.YoXPMJa+",
                            "inputName": "3"
                        },
                        "target": "block_8"
                    }
                }
            },
            "phantom_block": {
                "location": {
                    "block": {
                        "id": "block_5",
                        "rawId": "Z.mWNbPM_#^.YoXPMJa+"
                    }
                },
                "target": "3"
            }
        },
        {
            "banner": {
                "text": "We can use the pitch from the Microphone instead to make things interesting, change <kano-value-preview><span>volume</span></kano-value-preview> to <kano-value-preview><span>pitch</span></kano-value-preview>"
            },
            "beacon": {
                "target": {
                    "block": {
                        "id": "block_8"
                    }
                }
            },
            "validation": {
                "blockly": {
                    "value": {
                        "target": {
                            "id": "block_8"
                        },
                        "value": "pitch"
                    }
                }
            }
        },
        {
            "banner": {
                "text": "Amazing, make lots of different noises and see how the colors react",
                "next_button": true
            },
            "beacon": {
                "target": "banner-button",
                "offset": 0
            }
        },
        {
            "banner": {
                "text": "Finally we'll learn how to paint the pixels using the Animation part",
                "next_button": true
            },
            "beacon": {
                "target": "banner-button",
                "offset": 0
            }
        }
    ],
    "parts": [
        "microphone"
    ],
    "modules": [
        "control",
        "math",
        "color",
        "variables"
    ],
    "variables": [],
    "filterBlocks": {
        "control": [
            "every_x_seconds"
        ],
        "lightboard": [
            "turn_on",
            "light_x_y"
        ],
        "math": [
            "math_random"
        ],
        "color": [
            "create_color"
        ],
        "mic": [
            "get_volume"
        ],
        "variables": [
            "math_number"
        ]
    },
    "mode": "lightboard",
    "defaultApp": "{\"parts\":[],\"code\":{\"snapshot\":{\"javascript\":\"global.when('start', function () {\\n  time.every(1, 'frames', function () {\\n    devices.get('lightboard').turnOn({\\n                                type: 'single',\\n                                x: math.random(1, 16)-1,\\n                                y: math.random(1, 8)-1\\n                            }, colour.random());\\n  });\\n});\\n\",\"pseudo\":\"global.when('start', function () {\\n  time.every(1, 'frames', function () {\\n    devices.get('lightboard').turnOn({\\n                                type: 'single',\\n                                x: math.random(1, 16)-1,\\n                                y: math.random(1, 8)-1\\n                            }, colour.random());\\n  });\\n});\\n\",\"blocks\":\"<xml xmlns=\\\"http:\/\/www.w3.org\/1999\/xhtml\\\"><block type=\\\"part_event\\\" id=\\\"default_part_event_id\\\" x=\\\"279\\\" y=\\\"23\\\"><field name=\\\"EVENT\\\">global.start<\/field><statement name=\\\"DO\\\"><block type=\\\"every_x_seconds\\\" id=\\\"Gn#|cG)Tv+IsCE#]GiWB\\\"><field name=\\\"UNIT\\\">frames<\/field><value name=\\\"INTERVAL\\\"><shadow type=\\\"math_number\\\" id=\\\"N4P~*G3^W.6w)mOFM^Ja\\\"><field name=\\\"NUM\\\">1<\/field><\/shadow><\/value><statement name=\\\"DO\\\"><block type=\\\"lightboard#turn_on\\\" id=\\\"$@x7RzJ:viPRJ8Fn1UGn\\\"><value name=\\\"TARGET\\\"><block type=\\\"lightboard#light_x_y\\\" id=\\\"m+2t-4R2];5f8WesT`Yn\\\"><value name=\\\"X\\\"><shadow type=\\\"math_number\\\" id=\\\"x_u{IzD8fQW@dWSq4svP\\\"><field name=\\\"NUM\\\">1<\/field><\/shadow><block type=\\\"math_random\\\" id=\\\"38gi8b\/T73MnxUXlpz@Z\\\"><value name=\\\"MIN\\\"><shadow type=\\\"math_number\\\" id=\\\"?`K~=$XY+BN@6w0,rFS\/\\\"><field name=\\\"NUM\\\">1<\/field><\/shadow><\/value><value name=\\\"MAX\\\"><shadow type=\\\"math_number\\\" id=\\\"l6BPOB!!_RMCZ=z8rQEW\\\"><field name=\\\"NUM\\\">16<\/field><\/shadow><\/value><\/block><\/value><value name=\\\"Y\\\"><shadow type=\\\"math_number\\\" id=\\\"B:w=Lom]%q_*FdXf38}@\\\"><field name=\\\"NUM\\\">1<\/field><\/shadow><block type=\\\"math_random\\\" id=\\\"jD`X,FY2U|J.Eju~bO;4\\\"><value name=\\\"MIN\\\"><shadow type=\\\"math_number\\\" id=\\\"u]Lj~m3blZeACxu,QPZ6\\\"><field name=\\\"NUM\\\">1<\/field><\/shadow><\/value><value name=\\\"MAX\\\"><shadow type=\\\"math_number\\\" id=\\\"Cb?%F^m;r|MCA\/IDx86E\\\"><field name=\\\"NUM\\\">8<\/field><\/shadow><\/value><\/block><\/value><\/block><\/value><value name=\\\"COLOR\\\"><block type=\\\"random_colour\\\" id=\\\"b^uv{.;M;SS.]3$%?Itj\\\"><\/block><\/value><\/block><\/statement><\/block><\/statement><\/block><\/xml>\"}},\"background\":{\"name\":\"My app\",\"userStyle\":{\"background\":\"#ffffff\"}},\"mode\":\"lightboard\"}"
}