{
    "steps": [
        {
            "banner": {
                "text": "Let's make things move on their own using loops 🔄",
                "next_button": true
            },
            "beacon": {
                "target": "banner-button",
                "offset": 0
            }
        },
        {
            "banner": {
                "text": "We're going to use a loop which is a block that runs the code inside over and over. Open the Control tray"
            },
            "beacon": {
                "target": {
                    "category": "control"
                }
            },
            "validation": {
                "blockly": {
                    "open-flyout": "control"
                }
            }
        },
        {
            "banner": {
                "text": "This block will loop code once every second. Drag the block onto your code space"
            },
            "beacon": {
                "target": {
                    "flyout_block": "every_x_seconds"
                }
            },
            "validation": {
                "blockly": {
                    "create": {
                        "type": "every_x_seconds",
                        "id": "block_0"
                    }
                }
            }
        },
        {
            "banner": {
                "text": "Connect it to this block"
            },
            "beacon": {
                "target": {
                    "block": {
                        "id": null,
                        "rawId": "default_part_event_id"
                    }
                }
            },
            "validation": {
                "blockly": {
                    "connect": {
                        "parent": {
                            "id": null,
                            "rawId": "default_part_event_id",
                            "inputName": "DO"
                        },
                        "target": "block_0"
                    }
                }
            },
            "phantom_block": {
                "location": {
                    "block": {
                        "id": null,
                        "rawId": "default_part_event_id"
                    }
                },
                "target": "DO"
            }
        },
        {
            "banner": {
                "text": "Now let's add some lights, open the lightboard tray"
            },
            "beacon": {
                "target": {
                    "category": "lightboard"
                }
            },
            "validation": {
                "blockly": {
                    "open-flyout": "lightboard"
                }
            }
        },
        {
            "banner": {
                "text": "Drag the block onto your code space"
            },
            "beacon": {
                "target": {
                    "flyout_block": "lightboard#turn_on"
                }
            },
            "validation": {
                "blockly": {
                    "create": {
                        "type": "lightboard#turn_on",
                        "id": "block_1"
                    }
                }
            }
        },
        {
            "banner": {
                "text": "Connect it to this block"
            },
            "beacon": {
                "target": {
                    "block": {
                        "id": "block_0",
                        "rawId": "Gn#|cG)Tv+IsCE#]GiWB"
                    }
                }
            },
            "validation": {
                "blockly": {
                    "connect": {
                        "parent": {
                            "id": "block_0",
                            "rawId": "Gn#|cG)Tv+IsCE#]GiWB",
                            "inputName": "DO"
                        },
                        "target": "block_1"
                    }
                }
            },
            "phantom_block": {
                "location": {
                    "block": {
                        "id": "block_0",
                        "rawId": "Gn#|cG)Tv+IsCE#]GiWB"
                    }
                },
                "target": "DO"
            }
        },
        {
            "banner": {
                "text": "We're going to turn a single light, open this tray"
            },
            "beacon": {
                "target": {
                    "category": "lightboard"
                }
            },
            "validation": {
                "blockly": {
                    "open-flyout": "lightboard"
                }
            }
        },
        {
            "banner": {
                "text": "This block turns on individual lights, drag it onto your code space"
            },
            "beacon": {
                "target": {
                    "flyout_block": "lightboard#light_x_y"
                }
            },
            "validation": {
                "blockly": {
                    "create": {
                        "type": "lightboard#light_x_y",
                        "id": "block_2"
                    }
                }
            }
        },
        {
            "banner": {
                "text": "Connect it to this block"
            },
            "beacon": {
                "target": {
                    "block": {
                        "id": "block_1",
                        "rawId": "$@x7RzJ:viPRJ8Fn1UGn"
                    }
                }
            },
            "validation": {
                "blockly": {
                    "connect": {
                        "parent": {
                            "id": "block_1",
                            "rawId": "$@x7RzJ:viPRJ8Fn1UGn",
                            "inputName": "TARGET"
                        },
                        "target": "block_2"
                    }
                }
            },
            "phantom_block": {
                "location": {
                    "block": {
                        "id": "block_1",
                        "rawId": "$@x7RzJ:viPRJ8Fn1UGn"
                    }
                },
                "target": "TARGET"
            }
        },
        {
            "banner": {
                "text": "Now we're going to use a random block, this will generate different number each time. Open the Math tray"
            },
            "beacon": {
                "target": {
                    "category": "math"
                }
            },
            "validation": {
                "blockly": {
                    "open-flyout": "math"
                }
            }
        },
        {
            "banner": {
                "text": "This block works like rolling a dice, drag it onto your code space"
            },
            "beacon": {
                "target": {
                    "flyout_block": "math_random"
                }
            },
            "validation": {
                "blockly": {
                    "create": {
                        "type": "math_random",
                        "id": "block_3"
                    }
                }
            }
        },
        {
            "banner": {
                "text": "Connect it to this block"
            },
            "beacon": {
                "target": {
                    "block": {
                        "id": "block_2",
                        "rawId": "m+2t-4R2];5f8WesT`Yn"
                    }
                }
            },
            "validation": {
                "blockly": {
                    "connect": {
                        "parent": {
                            "id": "block_2",
                            "rawId": "m+2t-4R2];5f8WesT`Yn",
                            "inputName": "X"
                        },
                        "target": "block_3"
                    }
                }
            },
            "phantom_block": {
                "location": {
                    "block": {
                        "id": "block_2",
                        "rawId": "m+2t-4R2];5f8WesT`Yn"
                    }
                },
                "target": "X"
            }
        },
        {
            "banner": {
                "text": "The lightboard, loop block and the random block are working together to turn on a new light every second",
                "next_button": true
            },
            "beacon": {
                "target": "banner-button",
                "offset": 0
            }
        },
        {
            "banner": {
                "text": "The lightboard is 16 pixels wide so let's fill the top row. Change <kano-value-preview><span>10</span></kano-value-preview> to <kano-value-preview><span>16</span></kano-value-preview>"
            },
            "beacon": {
                "target": {
                    "block": {
                        "shadow": "MAX",
                        "id": "block_3"
                    }
                }
            },
            "validation": {
                "blockly": {
                    "value": {
                        "target": {
                            "shadow": "MAX",
                            "id": "block_3"
                        },
                        "value": "16"
                    }
                }
            }
        },
        {
            "banner": {
                "text": "This is cool but watch what happens when we make our loop faster. Change <kano-value-preview><span>seconds</span></kano-value-preview> to <kano-value-preview><span>frames</span></kano-value-preview>"
            },
            "beacon": {
                "target": {
                    "block": {
                        "id": "block_0"
                    }
                },
                "angle": -10
            },
            "validation": {
                "blockly": {
                    "value": {
                        "target": {
                            "id": "block_0"
                        },
                        "value": "frames"
                    }
                }
            }
        },
        {
            "banner": {
                "text": "Now we can use another random to fill the entire board. Open the Math tray again"
            },
            "beacon": {
                "target": {
                    "category": "math"
                }
            },
            "validation": {
                "blockly": {
                    "open-flyout": "math"
                }
            }
        },
        {
            "banner": {
                "text": "Drag another random block onto your code space"
            },
            "beacon": {
                "target": {
                    "flyout_block": "math_random"
                }
            },
            "validation": {
                "blockly": {
                    "create": {
                        "type": "math_random",
                        "id": "block_4"
                    }
                }
            }
        },
        {
            "banner": {
                "text": "Connect it to this block"
            },
            "beacon": {
                "target": {
                    "block": {
                        "id": "block_2",
                        "rawId": "m+2t-4R2];5f8WesT`Yn"
                    }
                }
            },
            "validation": {
                "blockly": {
                    "connect": {
                        "parent": {
                            "id": "block_2",
                            "rawId": "m+2t-4R2];5f8WesT`Yn",
                            "inputName": "Y"
                        },
                        "target": "block_4"
                    }
                }
            },
            "phantom_block": {
                "location": {
                    "block": {
                        "id": "block_2",
                        "rawId": "m+2t-4R2];5f8WesT`Yn"
                    }
                },
                "target": "Y"
            }
        },
        {
            "banner": {
                "text": "The lightboard is 8 pixels high so change <kano-value-preview><span>10</span></kano-value-preview> to <kano-value-preview><span>8</span></kano-value-preview>"
            },
            "beacon": {
                "target": {
                    "block": {
                        "shadow": "MAX",
                        "id": "block_4"
                    }
                }
            },
            "validation": {
                "blockly": {
                    "value": {
                        "target": {
                            "shadow": "MAX",
                            "id": "block_4"
                        },
                        "value": "8"
                    }
                }
            }
        },
        {
            "banner": {
                "text": "Awesome, you've made a sparkly light show. Now we can bring it to life with color",
                "next_button": true
            },
            "beacon": {
                "target": "banner-button",
                "offset": 0
            }
        },
        {
            "banner": {
                "text": "Just like we used a random number we're now going to use a random color. Open the Color tray"
            },
            "beacon": {
                "target": {
                    "category": "color"
                }
            },
            "validation": {
                "blockly": {
                    "open-flyout": "color"
                }
            }
        },
        {
            "banner": {
                "text": "This block generates a random color evert time, drag it onto your code space"
            },
            "beacon": {
                "target": {
                    "flyout_block": "random_colour"
                }
            },
            "validation": {
                "blockly": {
                    "create": {
                        "type": "random_colour",
                        "id": "block_5"
                    }
                }
            }
        },
        {
            "banner": {
                "text": "Connect it to this block"
            },
            "beacon": {
                "target": {
                    "block": {
                        "id": "block_1",
                        "rawId": "$@x7RzJ:viPRJ8Fn1UGn"
                    }
                }
            },
            "validation": {
                "blockly": {
                    "connect": {
                        "parent": {
                            "id": "block_1",
                            "rawId": "$@x7RzJ:viPRJ8Fn1UGn",
                            "inputName": "COLOR"
                        },
                        "target": "block_5"
                    }
                }
            },
            "phantom_block": {
                "location": {
                    "block": {
                        "id": "block_1",
                        "rawId": "$@x7RzJ:viPRJ8Fn1UGn"
                    }
                },
                "target": "COLOR"
            }
        },
        {
            "banner": {
                "text": "Cool lights! All using the power of random and loops",
                "next_button": true
            },
            "beacon": {
                "target": "banner-button",
                "offset": 0
            }
        },
        {
            "banner": {
                "text": "Next we'll learn how to control the pixels using sound 🎤",
                "next_button": true
            },
            "beacon": {
                "target": "banner-button",
                "offset": 0
            }
        }
    ],
    "parts": [],
    "modules": [
        "control",
        "math",
        "color"
    ],
    "variables": [],
    "filterBlocks": {
        "control": [
            "every_x_seconds"
        ],
        "lightboard": [
            "turn_on",
            "light_x_y"
        ],
        "math": [
            "math_random"
        ],
        "color": [
            "random_colour"
        ]
    },
    "mode": "lightboard"
}