{
  "steps":[
    {
      "banner":{
        "text":"Let's bring your Pixel Kit to life using the power of code",
        "lockdown":true,
        "next_button":true
      },
      "beacon": {
         "target": "banner-button"
      }
    },
    {
      "banner":{
        "text":"First turn on all of the lights, open the lightboard tray"
      },
      "beacon":{
        "target":{
          "category":"lightboard"
        }
      },
      "validation":{
        "blockly":{
          "open-flyout":"lightboard"
        }
      }
    },
    {
      "banner":{
        "text":"This block turns lights on, drag it to your code space"
      },
      "beacon":{
        "target":{
          "flyout_block":"lightboard#turn_on"
        }
      },
      "validation":{
        "blockly":{
          "create":{
            "type":"lightboard#turn_on",
            "id":"block_0"
          }
        }
      }
    },
    {
      "banner":{
        "text":"Connect it to this block"
      },
      "beacon":{
        "target":{
          "block":{
            "id":null,
            "rawId":"default_part_event_id"
          }
        }
      },
      "validation":{
        "blockly":{
          "connect":{
            "parent":{
              "id":null,
              "rawId":"default_part_event_id",
              "inputName":"DO"
            },
            "target":"block_0"
          }
        }
      },
      "phantom_block":{
        "location":{
          "block":{
            "id":null,
            "rawId":"default_part_event_id"
          }
        },
        "target":"DO"
      }
    },
    {
      "banner":{
        "text":"Wow it's super bright 😎. Next we'll turn on a single pixel",
        "lockdown":true,
        "next_button":true
      },
      "beacon": {
         "target": "banner-button"
      }
    },
    {
      "banner":{
        "text":"Open the lightboard tray again"
      },
      "beacon":{
        "target":{
          "category":"lightboard"
        }
      },
      "validation":{
        "blockly":{
          "open-flyout":"lightboard"
        }
      }
    },
    {
      "banner":{
        "text":"This block points to a single pixel, drag it to your code space"
      },
      "beacon":{
        "target":{
          "flyout_block":"lightboard#light_x_y"
        }
      },
      "validation":{
        "blockly":{
          "create":{
            "type":"lightboard#light_x_y",
            "id":"block_1"
          }
        }
      }
    },
    {
      "banner":{
        "text":"Connect it to this block"
      },
      "beacon":{
        "target":{
          "block":{
            "id":"block_0",
            "rawId":"kb2HW^12!fTBy^k^0Vt+"
          }
        }
      },
      "validation":{
        "blockly":{
          "connect":{
            "parent":{
              "id":"block_0",
              "rawId":"kb2HW^12!fTBy^k^0Vt+",
              "inputName":"TARGET"
            },
            "target":"block_1"
          }
        }
      },
      "phantom_block":{
        "location":{
          "block":{
            "id":"block_0",
            "rawId":"kb2HW^12!fTBy^k^0Vt+"
          }
        },
        "target":"TARGET"
      }
    },
    {
      "banner":{
        "text":"Play around with this number and see what happens"
      },
      "beacon":{
        "target":{
          "block":{
            "shadow":"X",
            "id":"block_1"
          }
        }
      },
      "validation":{
        "blockly":{
          "value":{
            "target":{
              "shadow":"X",
              "id":"block_1"
            },
            "value":""
          }
        }
      }
    },
    {
      "banner":{
        "text":"It changes the X position (left and right)!<br>Change it to <kano-value-preview><span>16</span></kano-value-preview> when you're ready"
      },
      "beacon":{
        "target":{
          "block":{
            "shadow":"X",
            "id":"block_1"
          }
        }
      },
      "validation":{
        "blockly":{
          "value":{
            "target":{
              "shadow":"X",
              "id":"block_1"
            },
            "value":"16"
          }
        }
      }
    },
    {
      "banner":{
        "text":"Play around with this number and see what happens"
      },
      "beacon":{
        "target":{
          "block":{
            "shadow":"Y",
            "id":"block_1"
          }
        }
      },
      "validation":{
        "blockly":{
          "value":{
            "target":{
              "shadow":"Y",
              "id":"block_1"
            },
            "value":""
          }
        }
      }
    },
    {
      "banner":{
        "text":"It changes the Y position (up and down)!<br>Change it to <kano-value-preview><span>8</span></kano-value-preview> when you're ready"
      },
      "beacon":{
        "target":{
          "block":{
            "shadow":"Y",
            "id":"block_1"
          }
        }
      },
      "validation":{
        "blockly":{
          "value":{
            "target":{
              "shadow":"Y",
              "id":"block_1"
            },
            "value":"8"
          }
        }
      }
    },
    {
      "banner":{
        "text":"That's how you light up any pixel on the board 💡",
        "lockdown":true,
        "next_button":true
      },
      "beacon": {
         "target": "banner-button"
      }
    },
    {
      "banner":{
        "text":"Next we'll learn to animate them",
        "next_button":true
      },
      "beacon":{
        "target":"banner-button",
        "offset":0
      }
    }
  ],
  "parts":[

  ],
  "modules":[

  ],
  "variables":[

  ],
  "filterBlocks":{
    "lightboard":[
      "turn_on",
      "light_x_y"
    ]
  },
  "mode":"lightboard"
}